{
  "project_info": {
    "project_number": "356348578955",
    "project_id": "smartproject-7b647",
    "storage_bucket": "smartproject-7b647.appspot.com"
  },
  "client": [
    {
      "client_info": {
        "mobilesdk_app_id": "1:356348578955:android:e0b61bbc1eb108bed8988e",
        "android_client_info": {
          "package_name": "com.example.plantplan"
        }
      },
      "oauth_client": [
        {
          "client_id": "356348578955-058ua7rk63ker692q40budtkneebn07e.apps.googleusercontent.com",
          "client_type": 1,
          "android_info": {
            "package_name": "com.example.plantplan",
            "certificate_hash": "bf929f3edf9a17e130a255d57ada0bd9a4aa372d"
          }
        },
        {
          "client_id": "356348578955-84p0lefvk05940rf7b8nbdn6ap213qkf.apps.googleusercontent.com",
          "client_type": 3
        }
      ],
      "api_key": [
        {
          "current_key": "AIzaSyCYksPYHD8_sCz-RO_xHntVqOBRrhMOdo8"
        }
      ],
      "services": {
        "appinvite_service": {
          "other_platform_oauth_client": [
            {
              "client_id": "356348578955-84p0lefvk05940rf7b8nbdn6ap213qkf.apps.googleusercontent.com",
              "client_type": 3
            }
          ]
        }
      }
    }
  ],
  "configuration_version": "1"
}